{
	"CL1":
	{
		"Type":"CL",
		"monoIns":56,
		"stereoIns":8,
		"mixOuts":24,
		"matrixOuts":8,
		"dCAs":16,
		"muteGroups":8
	},
	"CL3":
	{
		"Type":"CL",
		"monoIns":64,
		"stereoIns":8,
		"mixOuts":24,
		"matrixOuts":8,
		"dCAs":16,
		"muteGroups":8
	},
	"CL5":
	{
		"Type":"CL",
		"monoIns":72,
		"stereoIns":8,
		"mixOuts":24,
		"matrixOuts":8,
		"dCAs":16,
		"muteGroups":8
	},
	"QL1":
	{
		"Type":"QL",
		"monoIns":32,
		"stereoIns":8,
		"mixOuts":16,
		"matrixOuts":8,
		"dCAs":16,
		"muteGroups":8
	},
	"QL5":
	{
		"Type":"QL",
		"monoIns":64,
		"stereoIns":8,
		"mixOuts":16,
		"matrixOuts":8,
		"dCAs":16,
		"muteGroups":8
	},
}