{
	"MIXER":
	{
		"Current":
		{
			"InCh":
			{
				"container":"monoIns",
				"index":"x",
				"Fader":
				{
					"values":
					[
						"on",
						"level"
					]
				},
				"ToSt":
				{
					"values":
					[
						"pan"
					]
				},
				"Surr":
				{
					"values":
					[
						"LRpan",
						"FRPan",
						"Div",
						"LFELevel"
					]
				},
				"ToMix":
				{
					"container":"mixSends",
					"index":"y",
					"values":
					[
						"on",
						"prePost",
						"level",
						"pan"
					]
				},
				"ToMtrx":
				{
					"container":"matrixSends",
					"index":"y",
					"values":
					[
						"on",
						"prePost",
						"level",
						"pan"
					]
				}
			},
			"StIn":
			{
				"container":"stereoIns",
				"index":"x",
				"Fader":
				{
					"values":
					[
						"on",
						"level"
					]
				},
				"ToSt":
				{
					"values":
					[
						"pan"
					]
				},
				"ToMix":
				{
					"container":"mixSends",
					"index":"y",
					"values":
					[
						"on",
						"prePost",
						"level",
						"pan"
					]
				},
				"ToMtrx":
				{
					"container":"matrixSends",
					"index":"y",
					"values":
					[
						"on",
						"prePost",
						"level",
						"pan"
					]
				}
			},
			"Mix":
			{
				"container":"mixOuts",
				"index":"x",
				"Fader":
				{
					"values":
					[
						"on",
						"level"
					]
				},
				"ToSt":
				{
					"values":
					[
						"pan"
					]
				},
				"ToMtrx":
				{
					"container":"matrixSends",
					"index":"y",
					"values":
					[
						"on",
						"prePost",
						"level",
						"pan"
					]
				},
				"Out":
				{
					"container":"stereoMode",
					"values":
					[
						"balance"
					]
				}
			},
			"Mtrx":
			{
				"container":"matrixOuts",
				"index":"x",
				"Fader":
				{
					"values":
					[
						"on",
						"level"
					]
				},
				"Out":
				{
					"container":"stereoMode",
					"values":
					[
						"balance"
					]
				}
			},
			"DCA":
			{
				"container":"dCAs",
				"index":"x",
				"Fader":
				{
					"values":
					[
						"on",
						"level"
					]
				}
			},
			"St":
			{
				"container":"masterOuts",
				"index":"x",
				"Fader":
				{
					"values":
					[
						"on",
						"level"
					]
				},
				"ToMtrx":
				{
					"container":"matrixSends",
					"index":"y",
					"values":
					[
						"on",
						"prePost",
						"level",
						"pan"
					]
				},
				"Out":
				{
					"container":"stereoMode",
					"values":
					[
						"balance"
					]
				}
			},
			"MuteMaster":
			{
				"container":"muteMasters",
				"index":"x",
				"values":
				[
					"on"
				]
			}
		}
	}
}
